Title,Authors,Corporate Authors,Editors,Book Editors,Source Title,Publication Date,Publication Year,Volume,Issue,Part Number,Supplement,Special Issue,Beginning Page,Ending Page,Article Number,DOI,Conference Title,Conference Date,Total Citations,Average per Year,1900,1901,1902,1903,1904,1905,1906,1907,1908,1909,1910,1911,1912,1913,1914,1915,1916,1917,1918,1919,1920,1921,1922,1923,1924,1925,1926,1927,1928,1929,1930,1931,1932,1933,1934,1935,1936,1937,1938,1939,1940,1941,1942,1943,1944,1945,1946,1947,1948,1949,1950,1951,1952,1953,1954,1955,1956,1957,1958,1959,1960,1961,1962,1963,1964,1965,1966,1967,1968,1969,1970,1971,1972,1973,1974,1975,1976,1977,1978,1979,1980,1981,1982,1983,1984,1985,1986,1987,1988,1989,1990,1991,1992,1993,1994,1995,1996,1997,1998,1999,2000,2001,2002,2003,2004,2005,2006,2007,2008,2009,2010,2011,2012,2013,2014,2015,2016,2017,2018,2019,2020,2021,2022
Plant diversity in tropical forests: a review of mechanisms of species coexistence,"Wright, SJ",,,,OECOLOGIA,JAN 2002,2002,130,1,,,,1,14,,10.1007/s004420100809,,,946,45.05,0,0,0,0,0,0,0,0,0,0,0,0,0,0,0,0,0,0,0,0,0,0,0,0,0,0,0,0,0,0,0,0,0,0,0,0,0,0,0,0,0,0,0,0,0,0,0,0,0,0,0,0,0,0,0,0,0,0,0,0,0,0,0,0,0,0,0,0,0,0,0,0,0,0,0,0,0,0,0,0,0,0,0,0,0,0,0,0,0,0,0,0,0,0,0,0,0,0,0,0,0,0,5,18,29,27,34,38,46,26,35,58,46,48,66,58,66,61,56,65,50,78,36
Ant biodiversity and its relationship to ecosystem functioning: a review,"Folgarait, PJ",,,,BIODIVERSITY AND CONSERVATION,SEP 1998,1998,7,9,,,,1221,1244,,10.1023/A:1008891901953,,,644,25.76,0,0,0,0,0,0,0,0,0,0,0,0,0,0,0,0,0,0,0,0,0,0,0,0,0,0,0,0,0,0,0,0,0,0,0,0,0,0,0,0,0,0,0,0,0,0,0,0,0,0,0,0,0,0,0,0,0,0,0,0,0,0,0,0,0,0,0,0,0,0,0,0,0,0,0,0,0,0,0,0,0,0,0,0,0,0,0,0,0,0,0,0,0,0,0,0,0,0,0,0,6,10,6,9,6,11,18,15,21,24,33,36,37,34,40,37,33,35,47,46,52,52,36
"Deforestation in Brazilian Amazonia: History, rates, and consequences","Fearnside, PM",,,,CONSERVATION BIOLOGY,JUN 2005,2005,19,3,,,,680,688,,10.1111/j.1523-1739.2005.00697.x,,,604,33.56,0,0,0,0,0,0,0,0,0,0,0,0,0,0,0,0,0,0,0,0,0,0,0,0,0,0,0,0,0,0,0,0,0,0,0,0,0,0,0,0,0,0,0,0,0,0,0,0,0,0,0,0,0,0,0,0,0,0,0,0,0,0,0,0,0,0,0,0,0,0,0,0,0,0,0,0,0,0,0,0,0,0,0,0,0,0,0,0,0,0,0,0,0,0,0,0,0,0,0,0,0,0,0,0,0,2,13,20,25,33,31,31,39,43,37,43,42,36,49,52,46,32,30
GAP-PHASE REGENERATION IN A TROPICAL FOREST,"BROKAW, NVL",,,,ECOLOGY,1985,1985,66,3,,,,682,687,,10.2307/1940529,,,535,14.08,0,0,0,0,0,0,0,0,0,0,0,0,0,0,0,0,0,0,0,0,0,0,0,0,0,0,0,0,0,0,0,0,0,0,0,0,0,0,0,0,0,0,0,0,0,0,0,0,0,0,0,0,0,0,0,0,0,0,0,0,0,0,0,0,0,0,0,0,0,0,0,0,0,0,0,0,0,0,0,0,0,0,0,0,0,0,6,9,16,11,14,12,13,12,5,11,19,10,25,11,13,15,11,19,10,18,8,16,19,16,22,20,15,13,20,15,14,17,18,18,19,12,13
Neutral theory in community ecology and the hypothesis of functional equivalence,"Hubbell, SP",,,,FUNCTIONAL ECOLOGY,FEB 2005,2005,19,1,,,,166,172,,10.1111/j.0269-8463.2005.00965.x,,,521,28.94,0,0,0,0,0,0,0,0,0,0,0,0,0,0,0,0,0,0,0,0,0,0,0,0,0,0,0,0,0,0,0,0,0,0,0,0,0,0,0,0,0,0,0,0,0,0,0,0,0,0,0,0,0,0,0,0,0,0,0,0,0,0,0,0,0,0,0,0,0,0,0,0,0,0,0,0,0,0,0,0,0,0,0,0,0,0,0,0,0,0,0,0,0,0,0,0,0,0,0,0,0,0,0,0,0,1,14,19,22,23,23,31,30,30,31,32,33,38,29,34,47,50,34
Tropical forests in a changing environment,"Wright, SJ",,,,TRENDS IN ECOLOGY & EVOLUTION,OCT 2005,2005,20,10,,,,553,560,,10.1016/j.tree.2005.07.009,,,510,28.33,0,0,0,0,0,0,0,0,0,0,0,0,0,0,0,0,0,0,0,0,0,0,0,0,0,0,0,0,0,0,0,0,0,0,0,0,0,0,0,0,0,0,0,0,0,0,0,0,0,0,0,0,0,0,0,0,0,0,0,0,0,0,0,0,0,0,0,0,0,0,0,0,0,0,0,0,0,0,0,0,0,0,0,0,0,0,0,0,0,0,0,0,0,0,0,0,0,0,0,0,0,0,0,0,0,0,12,25,29,44,35,32,34,28,38,36,31,36,38,26,25,25,16
The efficiency of payments for environmental services in tropical conservation,"Wunder, Sven",,,,CONSERVATION BIOLOGY,FEB 2007,2007,21,1,,,,48,58,,10.1111/j.1523-1739.2006.00559.x,,,491,30.69,0,0,0,0,0,0,0,0,0,0,0,0,0,0,0,0,0,0,0,0,0,0,0,0,0,0,0,0,0,0,0,0,0,0,0,0,0,0,0,0,0,0,0,0,0,0,0,0,0,0,0,0,0,0,0,0,0,0,0,0,0,0,0,0,0,0,0,0,0,0,0,0,0,0,0,0,0,0,0,0,0,0,0,0,0,0,0,0,0,0,0,0,0,0,0,0,0,0,0,0,0,0,0,0,0,0,0,0,17,25,36,35,39,41,36,40,38,26,39,48,35,22,14
Growth responses of 15 rain-forest tree species to a light gradient: the relative importance of morphological and physiological traits,"Poorter, L",,,,FUNCTIONAL ECOLOGY,JUN 1999,1999,13,3,,,,396,410,,10.1046/j.1365-2435.1999.00332.x,,,475,19.79,0,0,0,0,0,0,0,0,0,0,0,0,0,0,0,0,0,0,0,0,0,0,0,0,0,0,0,0,0,0,0,0,0,0,0,0,0,0,0,0,0,0,0,0,0,0,0,0,0,0,0,0,0,0,0,0,0,0,0,0,0,0,0,0,0,0,0,0,0,0,0,0,0,0,0,0,0,0,0,0,0,0,0,0,0,0,0,0,0,0,0,0,0,0,0,0,0,0,0,3,3,14,11,16,12,13,21,18,21,21,19,27,29,27,45,21,35,18,37,17,12,18,17
"ECOLOGY, FLOWERING PHENOLOGY, AND HUMMINGBIRD POLLINATION OF SOME COSTA RICAN HELICONIA SPECIES","STILES, FG",,,,ECOLOGY,1975,1975,56,2,,,,285,301,,10.2307/1934961,,,421,8.77,0,0,0,0,0,0,0,0,0,0,0,0,0,0,0,0,0,0,0,0,0,0,0,0,0,0,0,0,0,0,0,0,0,0,0,0,0,0,0,0,0,0,0,0,0,0,0,0,0,0,0,0,0,0,0,0,0,0,0,0,0,0,0,0,0,0,0,0,0,0,0,0,0,0,0,1,9,11,11,12,16,14,13,6,12,11,7,11,6,7,7,4,5,6,6,8,6,2,3,13,8,5,7,9,6,3,4,12,10,11,9,13,11,8,13,9,9,10,11,9,11,13,13
Neutral theory and the evolution of ecological equivalence,"Hubbell, Stephen P.",,,,ECOLOGY,JUN 2006,2006,87,6,,,,1387,1398,,10.1890/0012-9658(2006)87[1387:NTATEO]2.0.CO;2,,,369,21.71,0,0,0,0,0,0,0,0,0,0,0,0,0,0,0,0,0,0,0,0,0,0,0,0,0,0,0,0,0,0,0,0,0,0,0,0,0,0,0,0,0,0,0,0,0,0,0,0,0,0,0,0,0,0,0,0,0,0,0,0,0,0,0,0,0,0,0,0,0,0,0,0,0,0,0,0,0,0,0,0,0,0,0,0,0,0,0,0,0,0,0,0,0,0,0,0,0,0,0,0,0,0,0,0,0,0,1,14,15,20,25,19,22,22,16,21,39,17,25,27,32,32,22
Theory meets reality: How habitat fragmentation research has transcended island biogeographic theory,"Laurance, William F.",,,,BIOLOGICAL CONSERVATION,JUL 2008,2008,141,7,,,,1731,1744,,10.1016/j.biocon.2008.05.011,,,351,23.4,0,0,0,0,0,0,0,0,0,0,0,0,0,0,0,0,0,0,0,0,0,0,0,0,0,0,0,0,0,0,0,0,0,0,0,0,0,0,0,0,0,0,0,0,0,0,0,0,0,0,0,0,0,0,0,0,0,0,0,0,0,0,0,0,0,0,0,0,0,0,0,0,0,0,0,0,0,0,0,0,0,0,0,0,0,0,0,0,0,0,0,0,0,0,0,0,0,0,0,0,0,0,0,0,0,0,0,0,1,14,25,23,29,28,23,28,26,33,26,32,24,28,11
Reflections on the tropical deforestation crisis,"Laurance, WF",,,,BIOLOGICAL CONSERVATION,DEC 1999,1999,91,2-3,,,,109,117,,10.1016/S0006-3207(99)00088-9,1998 Symposium on the Ecology and Management of Fragmented Tropical Landscapes,1998,337,14.04,0,0,0,0,0,0,0,0,0,0,0,0,0,0,0,0,0,0,0,0,0,0,0,0,0,0,0,0,0,0,0,0,0,0,0,0,0,0,0,0,0,0,0,0,0,0,0,0,0,0,0,0,0,0,0,0,0,0,0,0,0,0,0,0,0,0,0,0,0,0,0,0,0,0,0,0,0,0,0,0,0,0,0,0,0,0,0,0,0,0,0,0,0,0,0,0,0,0,0,0,2,4,6,5,16,11,16,20,24,16,23,19,13,21,21,24,20,20,17,12,15,9,3
"Annual growth rings, rainfall-dependent growth and long-term growth patterns of tropical trees from the Caparo Forest Reserve in Venezuela","Worbes, M",,,,JOURNAL OF ECOLOGY,JUN 1999,1999,87,3,,,,391,403,,10.1046/j.1365-2745.1999.00361.x,,,261,10.88,0,0,0,0,0,0,0,0,0,0,0,0,0,0,0,0,0,0,0,0,0,0,0,0,0,0,0,0,0,0,0,0,0,0,0,0,0,0,0,0,0,0,0,0,0,0,0,0,0,0,0,0,0,0,0,0,0,0,0,0,0,0,0,0,0,0,0,0,0,0,0,0,0,0,0,0,0,0,0,0,0,0,0,0,0,0,0,0,0,0,0,0,0,0,0,0,0,0,0,0,1,1,2,11,6,4,11,5,5,13,13,16,9,15,17,16,27,19,18,17,13,13,9
SOME ADAPTATIONS OF GASTROPODS TO PHYSICAL STRESS ON A TROPICAL ROCKY SHORE,"GARRITY, SD",,,,ECOLOGY,1984,1984,65,2,,,,559,574,,10.2307/1941418,,,260,6.67,0,0,0,0,0,0,0,0,0,0,0,0,0,0,0,0,0,0,0,0,0,0,0,0,0,0,0,0,0,0,0,0,0,0,0,0,0,0,0,0,0,0,0,0,0,0,0,0,0,0,0,0,0,0,0,0,0,0,0,0,0,0,0,0,0,0,0,0,0,0,0,0,0,0,0,0,0,0,0,0,0,0,0,0,1,4,8,4,3,8,4,2,1,3,2,7,5,3,8,11,5,9,5,1,9,8,6,9,4,7,7,16,8,10,10,11,7,7,7,12,15,8,5
SEED AND EARLY SEEDLING PREDATION IN THE FOREST UNDERSTORY AND IN TREEFALL GAPS,"SCHUPP, EW",,,,OIKOS,JAN 1988,1988,51,1,,,,71,78,,10.2307/3565808,,,240,6.86,0,0,0,0,0,0,0,0,0,0,0,0,0,0,0,0,0,0,0,0,0,0,0,0,0,0,0,0,0,0,0,0,0,0,0,0,0,0,0,0,0,0,0,0,0,0,0,0,0,0,0,0,0,0,0,0,0,0,0,0,0,0,0,0,0,0,0,0,0,0,0,0,0,0,0,0,0,0,0,0,0,0,0,0,0,0,0,0,1,4,6,4,3,7,11,9,7,11,17,17,15,14,12,10,6,8,10,4,4,2,8,8,6,1,6,1,7,6,3,3,3,4,2
Coastal marine communities: trends and perspectives from human-exclusion experiments,"Castilla, JC",,,,TRENDS IN ECOLOGY & EVOLUTION,JUL 1999,1999,14,7,,,,280,283,,10.1016/S0169-5347(99)01602-X,,,235,9.79,0,0,0,0,0,0,0,0,0,0,0,0,0,0,0,0,0,0,0,0,0,0,0,0,0,0,0,0,0,0,0,0,0,0,0,0,0,0,0,0,0,0,0,0,0,0,0,0,0,0,0,0,0,0,0,0,0,0,0,0,0,0,0,0,0,0,0,0,0,0,0,0,0,0,0,0,0,0,0,0,0,0,0,0,0,0,0,0,0,0,0,0,0,0,0,0,0,0,0,1,6,10,12,10,13,16,10,7,12,8,9,11,8,11,15,8,11,15,8,11,10,10,3
Do edge effects occur over large spatial scales?,"Laurance, WF",,,,TRENDS IN ECOLOGY & EVOLUTION,APR 2000,2000,15,4,,,,134,135,,10.1016/S0169-5347(00)01838-3,,,229,9.96,0,0,0,0,0,0,0,0,0,0,0,0,0,0,0,0,0,0,0,0,0,0,0,0,0,0,0,0,0,0,0,0,0,0,0,0,0,0,0,0,0,0,0,0,0,0,0,0,0,0,0,0,0,0,0,0,0,0,0,0,0,0,0,0,0,0,0,0,0,0,0,0,0,0,0,0,0,0,0,0,0,0,0,0,0,0,0,0,0,0,0,0,0,0,0,0,0,0,0,0,1,8,11,10,12,10,14,9,10,10,17,13,9,7,10,11,11,10,13,9,9,9,6
Resource partitioning for soil phosphorus: a hypothesis,"Turner, Benjamin L.",,,,JOURNAL OF ECOLOGY,JUL 2008,2008,96,4,,,,698,702,,10.1111/j.1365-2745.2008.01384.x,,,225,15,0,0,0,0,0,0,0,0,0,0,0,0,0,0,0,0,0,0,0,0,0,0,0,0,0,0,0,0,0,0,0,0,0,0,0,0,0,0,0,0,0,0,0,0,0,0,0,0,0,0,0,0,0,0,0,0,0,0,0,0,0,0,0,0,0,0,0,0,0,0,0,0,0,0,0,0,0,0,0,0,0,0,0,0,0,0,0,0,0,0,0,0,0,0,0,0,0,0,0,0,0,0,0,0,0,0,0,0,0,3,9,12,7,20,7,13,16,23,22,22,28,25,18
Effects of fire protection on savanna structure in Central Brazil,"Moreira, AG",,,,JOURNAL OF BIOGEOGRAPHY,JUL 2000,2000,27,4,,,,1021,1029,,10.1046/j.1365-2699.2000.00422.x,,,215,9.35,0,0,0,0,0,0,0,0,0,0,0,0,0,0,0,0,0,0,0,0,0,0,0,0,0,0,0,0,0,0,0,0,0,0,0,0,0,0,0,0,0,0,0,0,0,0,0,0,0,0,0,0,0,0,0,0,0,0,0,0,0,0,0,0,0,0,0,0,0,0,0,0,0,0,0,0,0,0,0,0,0,0,0,0,0,0,0,0,0,0,0,0,0,0,0,0,0,0,0,0,0,1,3,7,5,6,4,4,7,11,12,9,14,13,13,20,8,13,18,19,15,9,4
Fire and population dynamics of woody plants in a neotropical savanna: Matrix model projections,"Hoffmann, WA",,,,ECOLOGY,JUN 1999,1999,80,4,,,,1354,1369,,10.1890/0012-9658(1999)080[1354:FAPDOW]2.0.CO;2,,,206,8.58,0,0,0,0,0,0,0,0,0,0,0,0,0,0,0,0,0,0,0,0,0,0,0,0,0,0,0,0,0,0,0,0,0,0,0,0,0,0,0,0,0,0,0,0,0,0,0,0,0,0,0,0,0,0,0,0,0,0,0,0,0,0,0,0,0,0,0,0,0,0,0,0,0,0,0,0,0,0,0,0,0,0,0,0,0,0,0,0,0,0,0,0,0,0,0,0,0,0,0,0,8,5,5,8,9,9,8,9,9,6,10,9,19,8,11,11,5,12,12,9,3,10,11
Have we overstated the tropical biodiversity crisis?,"Laurance, William F.",,,,TRENDS IN ECOLOGY & EVOLUTION,FEB 2007,2007,22,2,,,,65,70,,10.1016/j.tree.2006.09.014,,,200,12.5,0,0,0,0,0,0,0,0,0,0,0,0,0,0,0,0,0,0,0,0,0,0,0,0,0,0,0,0,0,0,0,0,0,0,0,0,0,0,0,0,0,0,0,0,0,0,0,0,0,0,0,0,0,0,0,0,0,0,0,0,0,0,0,0,0,0,0,0,0,0,0,0,0,0,0,0,0,0,0,0,0,0,0,0,0,0,0,0,0,0,0,0,0,0,0,0,0,0,0,0,0,0,0,0,0,0,0,4,22,15,19,18,13,12,10,14,13,7,10,8,15,14,6
Effects of forest fragmentation on small mammals in an Atlantic Forest landscape,"Pardini, R",,,,BIODIVERSITY AND CONSERVATION,DEC 2004,2004,13,13,,,,2567,2586,,10.1023/B:BIOC.0000048452.18878.2d,,,184,9.68,0,0,0,0,0,0,0,0,0,0,0,0,0,0,0,0,0,0,0,0,0,0,0,0,0,0,0,0,0,0,0,0,0,0,0,0,0,0,0,0,0,0,0,0,0,0,0,0,0,0,0,0,0,0,0,0,0,0,0,0,0,0,0,0,0,0,0,0,0,0,0,0,0,0,0,0,0,0,0,0,0,0,0,0,0,0,0,0,0,0,0,0,0,0,0,0,0,0,0,0,0,0,0,0,0,2,6,13,13,9,11,11,12,9,8,10,14,9,11,10,16,14,6
EFFECTS OF HUNTING ON WESTERN AMAZONIAN PRIMATE COMMUNITIES,"PERES, CA",,,,BIOLOGICAL CONSERVATION,1990,1990,54,1,,,,47,59,,10.1016/0006-3207(90)90041-M,,,178,5.39,0,0,0,0,0,0,0,0,0,0,0,0,0,0,0,0,0,0,0,0,0,0,0,0,0,0,0,0,0,0,0,0,0,0,0,0,0,0,0,0,0,0,0,0,0,0,0,0,0,0,0,0,0,0,0,0,0,0,0,0,0,0,0,0,0,0,0,0,0,0,0,0,0,0,0,0,0,0,0,0,0,0,0,0,0,0,0,0,0,0,0,2,1,3,7,4,6,7,3,5,14,5,0,4,3,7,5,5,5,2,6,5,9,10,9,8,4,12,6,5,8,4,4
Ecological and evolutionary implications of plant tolerance to herbivory,"Fornoni, Juan",,,,FUNCTIONAL ECOLOGY,APR 2011,2011,25,2,,,,399,407,,10.1111/j.1365-2435.2010.01805.x,,,177,14.75,0,0,0,0,0,0,0,0,0,0,0,0,0,0,0,0,0,0,0,0,0,0,0,0,0,0,0,0,0,0,0,0,0,0,0,0,0,0,0,0,0,0,0,0,0,0,0,0,0,0,0,0,0,0,0,0,0,0,0,0,0,0,0,0,0,0,0,0,0,0,0,0,0,0,0,0,0,0,0,0,0,0,0,0,0,0,0,0,0,0,0,0,0,0,0,0,0,0,0,0,0,0,0,0,0,0,0,0,0,0,0,3,16,16,19,12,25,14,16,17,14,12,13
SPECIES-DIVERSITY OF DECAPOD CRUSTACEANS IN MARINE HABITATS,"ABELE, LG",,,,ECOLOGY,1974,1974,55,1,,,,156,161,,10.2307/1934629,,,171,3.49,0,0,0,0,0,0,0,0,0,0,0,0,0,0,0,0,0,0,0,0,0,0,0,0,0,0,0,0,0,0,0,0,0,0,0,0,0,0,0,0,0,0,0,0,0,0,0,0,0,0,0,0,0,0,0,0,0,0,0,0,0,0,0,0,0,0,0,0,0,0,0,0,0,0,1,4,3,5,5,7,5,6,7,3,5,3,4,1,8,2,0,1,2,1,1,2,1,3,5,3,1,2,3,4,0,3,2,5,3,0,2,3,4,6,4,4,8,7,7,6,2,3,4
Modelling the known and unknown plant biodiversity of the Amazon Basin,"Hopkins, Michael J. G.",,,,JOURNAL OF BIOGEOGRAPHY,AUG 2007,2007,34,8,,,,1400,1411,,10.1111/j.1365-2699.2007.01737.x,Annual Meeting of the Association-for-Tropical-Biology-and-Conservation,2005,163,10.19,0,0,0,0,0,0,0,0,0,0,0,0,0,0,0,0,0,0,0,0,0,0,0,0,0,0,0,0,0,0,0,0,0,0,0,0,0,0,0,0,0,0,0,0,0,0,0,0,0,0,0,0,0,0,0,0,0,0,0,0,0,0,0,0,0,0,0,0,0,0,0,0,0,0,0,0,0,0,0,0,0,0,0,0,0,0,0,0,0,0,0,0,0,0,0,0,0,0,0,0,0,0,0,0,0,0,0,1,2,6,9,5,6,13,6,17,20,14,13,5,16,17,13
FACTORS AFFECTING POST-DISPERSAL SEED SURVIVAL IN A TROPICAL FOREST,"SCHUPP, EW",,,,OECOLOGIA,1988,1988,76,4,,,,525,530,,10.1007/BF00397864,,,160,4.57,0,0,0,0,0,0,0,0,0,0,0,0,0,0,0,0,0,0,0,0,0,0,0,0,0,0,0,0,0,0,0,0,0,0,0,0,0,0,0,0,0,0,0,0,0,0,0,0,0,0,0,0,0,0,0,0,0,0,0,0,0,0,0,0,0,0,0,0,0,0,0,0,0,0,0,0,0,0,0,0,0,0,0,0,0,0,0,0,0,2,9,3,3,5,5,8,7,5,9,8,10,6,6,7,5,7,4,2,7,7,2,5,3,2,7,1,4,2,1,1,1,5,1
Effect of natural and anthropogenic landscape matrices on the abundance of subandean bird species,"Renjifo, LM",,,,ECOLOGICAL APPLICATIONS,FEB 2001,2001,11,1,,,,14,31,,10.1890/1051-0761(2001)011[0014:EONAAL]2.0.CO;2,,,159,7.23,0,0,0,0,0,0,0,0,0,0,0,0,0,0,0,0,0,0,0,0,0,0,0,0,0,0,0,0,0,0,0,0,0,0,0,0,0,0,0,0,0,0,0,0,0,0,0,0,0,0,0,0,0,0,0,0,0,0,0,0,0,0,0,0,0,0,0,0,0,0,0,0,0,0,0,0,0,0,0,0,0,0,0,0,0,0,0,0,0,0,0,0,0,0,0,0,0,0,0,0,0,0,6,3,8,8,8,8,12,8,9,13,4,8,10,9,4,5,6,6,12,6,6
Ecological effects of El Nino in terrestrial ecosystems of western South America,"Jaksic, FM",,,,ECOGRAPHY,JUN 2001,2001,24,3,,,,241,250,,10.1034/j.1600-0587.2001.240301.x,,,155,7.05,0,0,0,0,0,0,0,0,0,0,0,0,0,0,0,0,0,0,0,0,0,0,0,0,0,0,0,0,0,0,0,0,0,0,0,0,0,0,0,0,0,0,0,0,0,0,0,0,0,0,0,0,0,0,0,0,0,0,0,0,0,0,0,0,0,0,0,0,0,0,0,0,0,0,0,0,0,0,0,0,0,0,0,0,0,0,0,0,0,0,0,0,0,0,0,0,0,0,0,0,0,0,7,8,10,10,9,9,9,8,16,7,4,8,3,3,5,10,3,8,6,9,3
TROPHIC DIVERSITY MEASUREMENT IN SYMPATRIC PREDATORY SPECIES,"HURTUBIA, J",,,,ECOLOGY,1973,1973,54,4,,,,885,890,,10.2307/1935684,,,153,3.06,0,0,0,0,0,0,0,0,0,0,0,0,0,0,0,0,0,0,0,0,0,0,0,0,0,0,0,0,0,0,0,0,0,0,0,0,0,0,0,0,0,0,0,0,0,0,0,0,0,0,0,0,0,0,0,0,0,0,0,0,0,0,0,0,0,0,0,0,0,0,0,0,0,0,0,1,3,4,3,4,7,3,2,2,5,6,5,2,5,4,1,1,0,3,7,4,6,1,7,2,2,3,0,1,6,1,1,4,3,3,6,3,5,2,2,4,4,6,0,3,3,3,0
"PREDATION, PHYSICAL STRESS, AND THE ORGANIZATION OF A TROPICAL ROCKY INTER-TIDAL HERMIT CRAB COMMUNITY","BERTNESS, MD",,,,ECOLOGY,1981,1981,62,2,,,,411,425,,10.2307/1936715,,,145,3.45,0,0,0,0,0,0,0,0,0,0,0,0,0,0,0,0,0,0,0,0,0,0,0,0,0,0,0,0,0,0,0,0,0,0,0,0,0,0,0,0,0,0,0,0,0,0,0,0,0,0,0,0,0,0,0,0,0,0,0,0,0,0,0,0,0,0,0,0,0,0,0,0,0,0,0,0,0,0,0,0,0,3,1,2,6,4,9,3,3,4,3,0,5,3,4,1,1,2,4,2,2,9,6,3,3,2,6,2,0,6,5,2,3,5,1,7,5,1,1,7,3,4,2
A crisis in the making: responses of Amazonian forests to land use and climate change,"Laurance, WF",,,,TRENDS IN ECOLOGY & EVOLUTION,OCT 1998,1998,13,10,,,,411,415,,10.1016/S0169-5347(98)01433-5,,,143,5.72,0,0,0,0,0,0,0,0,0,0,0,0,0,0,0,0,0,0,0,0,0,0,0,0,0,0,0,0,0,0,0,0,0,0,0,0,0,0,0,0,0,0,0,0,0,0,0,0,0,0,0,0,0,0,0,0,0,0,0,0,0,0,0,0,0,0,0,0,0,0,0,0,0,0,0,0,0,0,0,0,0,0,0,0,0,0,0,0,0,0,0,0,0,0,0,0,0,0,0,9,7,12,10,5,11,4,11,6,6,9,6,4,8,4,5,5,5,2,5,2,4,2,1
Conserving the hottest of the hotspots Preface,"Laurance, William F.",,,,BIOLOGICAL CONSERVATION,JUN 2009,2009,142,6,,,,1137,1137,,10.1016/j.biocon.2008.10.011,,,142,10.14,0,0,0,0,0,0,0,0,0,0,0,0,0,0,0,0,0,0,0,0,0,0,0,0,0,0,0,0,0,0,0,0,0,0,0,0,0,0,0,0,0,0,0,0,0,0,0,0,0,0,0,0,0,0,0,0,0,0,0,0,0,0,0,0,0,0,0,0,0,0,0,0,0,0,0,0,0,0,0,0,0,0,0,0,0,0,0,0,0,0,0,0,0,0,0,0,0,0,0,0,0,0,0,0,0,0,0,0,0,0,5,10,10,11,14,12,12,5,11,10,18,16,8
Has water limited our imagination for aridland biogeochemistry?,"Austin, Amy T.",,,,TRENDS IN ECOLOGY & EVOLUTION,MAY 2011,2011,26,5,,,,229,235,,10.1016/j.tree.2011.02.003,,,139,11.58,0,0,0,0,0,0,0,0,0,0,0,0,0,0,0,0,0,0,0,0,0,0,0,0,0,0,0,0,0,0,0,0,0,0,0,0,0,0,0,0,0,0,0,0,0,0,0,0,0,0,0,0,0,0,0,0,0,0,0,0,0,0,0,0,0,0,0,0,0,0,0,0,0,0,0,0,0,0,0,0,0,0,0,0,0,0,0,0,0,0,0,0,0,0,0,0,0,0,0,0,0,0,0,0,0,0,0,0,0,0,0,0,12,5,11,18,19,11,13,11,12,11,16
Effect of forest fragmentation on dung beetle communities and functional consequences for plant regeneration,"Andresen, E",,,,ECOGRAPHY,FEB 2003,2003,26,1,,,,87,97,,10.1034/j.1600-0587.2003.03362.x,,,138,6.9,0,0,0,0,0,0,0,0,0,0,0,0,0,0,0,0,0,0,0,0,0,0,0,0,0,0,0,0,0,0,0,0,0,0,0,0,0,0,0,0,0,0,0,0,0,0,0,0,0,0,0,0,0,0,0,0,0,0,0,0,0,0,0,0,0,0,0,0,0,0,0,0,0,0,0,0,0,0,0,0,0,0,0,0,0,0,0,0,0,0,0,0,0,0,0,0,0,0,0,0,0,0,0,1,5,10,4,12,10,7,8,5,5,8,11,7,7,4,7,9,11,3,4
Light-dependent changes in biomass allocation and their importance for growth of rain forest tree species,"Poorter, L",,,,FUNCTIONAL ECOLOGY,FEB 2001,2001,15,1,,,,113,123,,,,,137,6.23,0,0,0,0,0,0,0,0,0,0,0,0,0,0,0,0,0,0,0,0,0,0,0,0,0,0,0,0,0,0,0,0,0,0,0,0,0,0,0,0,0,0,0,0,0,0,0,0,0,0,0,0,0,0,0,0,0,0,0,0,0,0,0,0,0,0,0,0,0,0,0,0,0,0,0,0,0,0,0,0,0,0,0,0,0,0,0,0,0,0,0,0,0,0,0,0,0,0,0,0,0,1,0,8,3,6,5,8,13,5,5,6,8,6,4,6,15,8,5,7,7,9,2
Effects of forest disturbance on the structure of ground-foraging ant communities in central Amazonia,"Vasconcelos, HL",,,,BIODIVERSITY AND CONSERVATION,MAR 1999,1999,8,3,,,,409,420,,,,,137,5.71,0,0,0,0,0,0,0,0,0,0,0,0,0,0,0,0,0,0,0,0,0,0,0,0,0,0,0,0,0,0,0,0,0,0,0,0,0,0,0,0,0,0,0,0,0,0,0,0,0,0,0,0,0,0,0,0,0,0,0,0,0,0,0,0,0,0,0,0,0,0,0,0,0,0,0,0,0,0,0,0,0,0,0,0,0,0,0,0,0,0,0,0,0,0,0,0,0,0,0,1,1,1,4,2,6,2,15,9,5,9,8,6,8,6,10,4,4,7,9,7,5,7,1
"Tree species richness complementarity, disturbance and fragmentation in a Mexican tropical montane cloud forest","Williams-Linera, G",,,,BIODIVERSITY AND CONSERVATION,2002,2002,11,10,,,,1825,1843,,10.1023/A:1020346519085,,,135,6.43,0,0,0,0,0,0,0,0,0,0,0,0,0,0,0,0,0,0,0,0,0,0,0,0,0,0,0,0,0,0,0,0,0,0,0,0,0,0,0,0,0,0,0,0,0,0,0,0,0,0,0,0,0,0,0,0,0,0,0,0,0,0,0,0,0,0,0,0,0,0,0,0,0,0,0,0,0,0,0,0,0,0,0,0,0,0,0,0,0,0,0,0,0,0,0,0,0,0,0,0,0,0,0,3,3,9,5,7,10,5,5,6,8,3,8,4,11,10,6,9,10,6,7
Composition changes in a subandean avifauna after long-term forest fragmentation,"Renjifo, LM",,,,CONSERVATION BIOLOGY,OCT 1999,1999,13,5,,,,1124,1139,,10.1046/j.1523-1739.1999.98311.x,,,134,5.58,0,0,0,0,0,0,0,0,0,0,0,0,0,0,0,0,0,0,0,0,0,0,0,0,0,0,0,0,0,0,0,0,0,0,0,0,0,0,0,0,0,0,0,0,0,0,0,0,0,0,0,0,0,0,0,0,0,0,0,0,0,0,0,0,0,0,0,0,0,0,0,0,0,0,0,0,0,0,0,0,0,0,0,0,0,0,0,0,0,0,0,0,0,0,0,0,0,0,0,0,1,4,5,6,3,10,4,11,13,5,9,10,6,3,3,9,2,5,10,4,4,4,3
Leaf area accumulation helps juvenile evergreen trees tolerate shade in a temperate rainforest,"Lusk, CH",,,,OECOLOGIA,JUL 2002,2002,132,2,,,,188,196,,10.1007/s00442-002-0974-9,,,128,6.1,0,0,0,0,0,0,0,0,0,0,0,0,0,0,0,0,0,0,0,0,0,0,0,0,0,0,0,0,0,0,0,0,0,0,0,0,0,0,0,0,0,0,0,0,0,0,0,0,0,0,0,0,0,0,0,0,0,0,0,0,0,0,0,0,0,0,0,0,0,0,0,0,0,0,0,0,0,0,0,0,0,0,0,0,0,0,0,0,0,0,0,0,0,0,0,0,0,0,0,0,0,0,0,5,4,8,4,11,8,11,7,9,4,7,4,7,5,3,5,7,5,10,4
The Chilean coastal range: a vanishing center of biodiversity and endemism in South American temperate rainforests,"Smith-Ramirez, C",,,,BIODIVERSITY AND CONSERVATION,FEB 2004,2004,13,2,,,,373,393,,10.1023/B:BIOC.0000006505.67560.9f,Dana Conference on conservation and Mobile Peoples,2002,125,6.58,0,0,0,0,0,0,0,0,0,0,0,0,0,0,0,0,0,0,0,0,0,0,0,0,0,0,0,0,0,0,0,0,0,0,0,0,0,0,0,0,0,0,0,0,0,0,0,0,0,0,0,0,0,0,0,0,0,0,0,0,0,0,0,0,0,0,0,0,0,0,0,0,0,0,0,0,0,0,0,0,0,0,0,0,0,0,0,0,0,0,0,0,0,0,0,0,0,0,0,0,0,0,0,0,0,1,3,7,5,10,5,10,6,5,5,6,9,10,8,5,13,11,6
Biogeographical regions under track and cladistic scrutiny,"Morrone, JJ",,,,JOURNAL OF BIOGEOGRAPHY,FEB 2002,2002,29,2,,,,149,152,,10.1046/j.1365-2699.2002.00662.x,,,125,5.95,0,0,0,0,0,0,0,0,0,0,0,0,0,0,0,0,0,0,0,0,0,0,0,0,0,0,0,0,0,0,0,0,0,0,0,0,0,0,0,0,0,0,0,0,0,0,0,0,0,0,0,0,0,0,0,0,0,0,0,0,0,0,0,0,0,0,0,0,0,0,0,0,0,0,0,0,0,0,0,0,0,0,0,0,0,0,0,0,0,0,0,0,0,0,0,0,0,0,0,0,0,0,1,1,3,2,2,6,5,6,13,11,4,13,10,11,4,8,6,4,2,10,3
Fundamental biogeographic patterns across the Mexican Transition Zone: an evolutionary approach,"Morrone, Juan J.",,,,ECOGRAPHY,APR 2010,2010,33,2,,,,355,361,,10.1111/j.1600-0587.2010.06266.x,,,124,9.54,0,0,0,0,0,0,0,0,0,0,0,0,0,0,0,0,0,0,0,0,0,0,0,0,0,0,0,0,0,0,0,0,0,0,0,0,0,0,0,0,0,0,0,0,0,0,0,0,0,0,0,0,0,0,0,0,0,0,0,0,0,0,0,0,0,0,0,0,0,0,0,0,0,0,0,0,0,0,0,0,0,0,0,0,0,0,0,0,0,0,0,0,0,0,0,0,0,0,0,0,0,0,0,0,0,0,0,0,0,0,2,6,3,9,13,9,8,8,14,14,14,17,7